"title","price","stock","category"
"'Salem's Lot","£49.56"," In stock "," Horror "
"""Most Blessed of the Patriarchs"": Thomas Jefferson and the Empire of the Imagination","£44.48"," In stock "," History "
"(Un)Qualified: How God Uses Broken People to Do Big Things","£54.00"," In stock "," Christian "
"#HigherSelfie: Wake Up Your Life. Free Your Soul. Find Your Tribe.","£23.11"," In stock "," Nonfiction "
"1,000 Places to See Before You Die","£26.08"," In stock "," Travel "
"10-Day Green Smoothie Cleanse: Lose Up to 15 Pounds in 10 Days!","£49.71"," In stock "," Health "
"1491: New Revelations of the Americas Before Columbus","£21.80"," In stock "," History "
"32 Yolks","£53.63"," In stock "," Food and Drink "
"8 Keys to Mental Health Through Exercise","£31.04"," In stock "," Psychology "
"A Brush of Wings (Angels Walking #3)","£55.51"," In stock "," Add a comment "
"A Court of Thorns and Roses (A Court of Thorns and Roses #1)","£52.37"," In stock "," Fantasy "
"A Distant Mirror: The Calamitous 14th Century","£14.58"," In stock "," History "
"A Fierce and Subtle Poison","£28.13"," In stock "," Young Adult "
"A Flight of Arrows (The Pathfinders #2)","£55.53"," In stock "," Historical Fiction "
"A Gentleman's Position (Society of Gentlemen #3)","£14.75"," In stock "," Romance "
"A Girl's Guide to Moving On (New Beginnings #2)","£31.30"," In stock "," Romance "
"A Heartbreaking Work of Staggering Genius","£54.29"," In stock "," Autobiography "
"A History of God: The 4,000-Year Quest of Judaism, Christianity, and Islam","£27.62"," In stock "," Religion "
"A la Mode: 120 Recipes in 60 Pairings: Pies, Tarts, Cakes, Crisps, and More Topped with Ice Cream, Gelato, Frozen Custard, and More","£38.77"," In stock "," Food and Drink "
"A Light in the Attic","£51.77"," In stock "," Poetry "
"A Murder in Time","£16.64"," In stock "," Mystery "
"A New Earth: Awakening to Your Life's Purpose","£55.65"," In stock "," Spirituality "
"A Paris Apartment","£39.01"," In stock "," Historical Fiction "
"A People's History of the United States","£40.79"," In stock "," Add a comment "
"A Piece of Sky, a Grain of Rice: A Memoir in Four Meditations","£56.76"," In stock "," Default "
"A Series of Catastrophes and Miracles: A True Story of Love, Science, and Cancer","£56.48"," In stock "," Add a comment "
"A Shard of Ice (The Black Symphony Saga #1)","£56.63"," In stock "," Fantasy "
"A Short History of Nearly Everything","£52.40"," In stock "," History "
"A Study in Scarlet (Sherlock Holmes #1)","£16.73"," In stock "," Mystery "
"A Summer In Europe","£44.34"," In stock "," Travel "
"A Time of Torment (Charlie Parker #14)","£48.35"," In stock "," Mystery "
"A World of Flavor: Your Gluten Free Passport","£42.95"," In stock "," Default "
"A Year in Provence (Provence #1)","£56.88"," In stock "," Travel "
"Aladdin and His Wonderful Lamp","£53.13"," In stock "," Default "
"Algorithms to Live By: The Computer Science of Human Decisions","£30.81"," In stock "," Nonfiction "
"Alice in Wonderland (Alice's Adventures in Wonderland #1)","£55.53"," In stock "," Classics "
"All the Light We Cannot See","£29.87"," In stock "," Historical "
"America's Cradle of Quarterbacks: Western Pennsylvania's Football Factory from Johnny Unitas to Joe Montana","£22.50"," In stock "," Default "
"America's War for the Greater Middle East: A Military History","£51.22"," In stock "," History "
"Amid the Chaos","£36.58"," In stock "," Cultural "
"An Unquiet Mind: A Memoir of Moods and Madness","£21.30"," In stock "," Psychology "
"And Then There Were None","£35.01"," In stock "," Classics "
"Angels Walking (Angels Walking #1)","£34.20"," In stock "," Add a comment "
"Animal Farm","£57.22"," In stock "," Classics "
"Approval Junkie: Adventures in Caring Too Much","£58.81"," In stock "," Autobiography "
"Arena","£21.36"," In stock "," Science Fiction "
"Aristotle and Dante Discover the Secrets of the Universe (Aristotle and Dante Discover the Secrets of the Universe #1)","£58.14"," In stock "," Young Adult "
"Art and Fear: Observations on the Perils (and Rewards) of Artmaking","£48.63"," In stock "," Art "
"At The Existentialist Café: Freedom, Being, and apricot cocktails with: Jean-Paul Sartre, Simone de Beauvoir, Albert Camus, Martin Heidegger, Edmund Husserl, Karl Jaspers, Maurice Merleau-Ponty and others","£29.93"," In stock "," Philosophy "
"Avatar: The Last Airbender: Smoke and Shadow, Part 3 (Smoke and Shadow #3)","£28.09"," In stock "," Fantasy "
"Barefoot Contessa at Home: Everyday Recipes You'll Make Over and Over Again","£50.62"," In stock "," Food and Drink "
"Barefoot Contessa Back to Basics","£28.01"," In stock "," Food and Drink "
"Behind Closed Doors","£52.22"," In stock "," Thriller "
"Benjamin Franklin: An American Life","£48.19"," In stock "," Biography "
"Beowulf","£38.35"," In stock "," Classics "
"Beyond Good and Evil","£43.38"," In stock "," Philosophy "
"Birdsong: A Story in Pictures","£54.64"," In stock "," Childrens "
"Black Dust","£34.53"," In stock "," Romance "
"Blue Like Jazz: Nonreligious Thoughts on Christian Spirituality","£25.77"," In stock "," Christian "
"Boar Island (Anna Pigeon #19)","£59.48"," In stock "," Mystery "
"Booked","£17.49"," In stock "," Poetry "
"Born for This: How to Find the Work You Were Meant to Do","£21.59"," In stock "," Business "
"Bossypants","£49.46"," In stock "," Default "
"Bridget Jones's Diary (Bridget Jones #1)","£29.82"," In stock "," Womens Fiction "
"Brilliant Beacons: A History of the American Lighthouse","£11.45"," In stock "," History "
"Burning","£28.81"," In stock "," Young Adult "
"Call the Nurse: True Stories of a Country Nurse on a Scottish Isle","£29.14"," In stock "," Nonfiction "
"Camp Midnight","£17.08"," In stock "," Sequential Art "
"Can You Keep a Secret?","£21.94"," In stock "," Womens Fiction "
"Can You Keep a Secret? (Fear Street Relaunch #4)","£48.64"," In stock "," Horror "
"Candide","£58.63"," In stock "," Classics "
"Catastrophic Happiness: Finding Joy in Childhood's Messy Years","£37.35"," In stock "," Parenting "
"Catching Jordan (Hundred Oaks)","£50.83"," In stock "," Young Adult "
"Catherine the Great: Portrait of a Woman","£58.55"," In stock "," History "
"Cell","£20.29"," In stock "," Add a comment "
"Changing the Game (Play by Play #2)","£13.38"," In stock "," Romance "
"Chase Me (Paris Nights #2)","£25.27"," In stock "," Romance "
"Chasing Heaven: What Dying Taught Me About Living","£37.80"," In stock "," Spirituality "
"Choosing Our Religion: The Spiritual Lives of America's Nones","£28.42"," In stock "," Religion "
"Chronicles, Vol. 1","£52.60"," In stock "," Music "
"City of Glass (The Mortal Instruments #3)","£56.02"," In stock "," Fantasy "
"Civilization and Its Discontents","£59.95"," In stock "," Psychology "
"Close to You","£49.46"," In stock "," Christian Fiction "
"Code Name Verity (Code Name Verity #1)","£22.13"," In stock "," Add a comment "
"Codename Baboushka, Volume 1: The Conclave of Death","£36.72"," In stock "," Sequential Art "
"Counted With the Stars (Out from Egypt #1)","£17.97"," In stock "," Christian Fiction "
"Cravings: Recipes for What You Want to Eat","£20.50"," In stock "," Food and Drink "
"Crazy Love: Overwhelmed by a Relentless God","£47.72"," In stock "," Christian "
"Critique of Pure Reason","£20.75"," In stock "," Philosophy "
"Crown of Midnight (Throne of Glass #2)","£43.29"," In stock "," Fantasy "
"Danganronpa Volume 1","£51.99"," In stock "," Sequential Art "
"Dark Lover (Black Dagger Brotherhood #1)","£12.87"," In stock "," Romance "
"Dark Notes","£19.19"," In stock "," Erotica "
"Deliciously Ella Every Day: Quick and Easy Recipes for Gluten-Free Snacks, Packed Lunches, and Simple Meals","£42.16"," In stock "," Food and Drink "
"Delivering the Truth (Quaker Midwife Mystery #1)","£20.89"," In stock "," Mystery "
"Demigods & Magicians: Percy and Annabeth Meet the Kanes (Percy Jackson & Kane Chronicles Crossover #1-3)","£37.51"," In stock "," Fantasy "
"Diary of a Citizen Scientist: Chasing Tiger Beetles and Other New Ways of Engaging the World","£28.41"," In stock "," Science "
"Dirty (Dive Bar #1)","£40.83"," In stock "," Romance "
"Do Androids Dream of Electric Sheep? (Blade Runner #1)","£51.48"," In stock "," Science Fiction "
"Doctor Sleep (The Shining #2)","£40.12"," In stock "," Horror "
"Doing It Over (Most Likely To #1)","£35.61"," In stock "," Romance "
"Don't Be a Jerk: And Other Practical Advice from Dogen, Japan's Greatest Zen Master","£37.97"," In stock "," Religion "
"Don't Get Caught","£55.35"," In stock "," Young Adult "
"Dracula the Un-Dead","£35.63"," In stock "," Horror "
"Dress Your Family in Corduroy and Denim","£43.68"," In stock "," Humor "
"Dune (Dune #1)","£54.86"," In stock "," Science Fiction "
"Eat Fat, Get Thin","£54.07"," In stock "," Health "
"Eligible (The Austen Project #4)","£27.09"," In stock "," Fiction "
"Emma","£32.93"," In stock "," Classics "
"Equal Is Unfair: America's Misguided Fight Against Income Inequality","£56.86"," In stock "," Politics "
"Everydata: The Misinformation Hidden in the Little Data You Consume Every Day","£54.35"," In stock "," Nonfiction "
"Everyday Italian: 125 Simple and Delicious Recipes","£20.10"," In stock "," Food and Drink "
"Far From True (Promise Falls Trilogy #2)","£34.93"," In stock "," Thriller "
"Feathers: Displays of Brilliant Plumage","£49.05"," In stock "," Art "
"Fifty Shades Darker (Fifty Shades #2)","£21.96"," In stock "," Romance "
"Fifty Shades Freed (Fifty Shades #3)","£15.36"," In stock "," Adult Fiction "
"Finders Keepers (Bill Hodges Trilogy #2)","£53.53"," In stock "," Fiction "
"First and First (Five Boroughs #3)","£15.97"," In stock "," Romance "
"Follow You Home","£21.36"," In stock "," Horror "
"Foolproof Preserving: A Guide to Small Batch Jams, Jellies, Pickles, Condiments, and More: A Foolproof Guide to Making Small Batch Jams, Jellies, Pickles, Condiments, and More","£30.52"," In stock "," Food and Drink "
"Forever and Forever: The Courtship of Henry Longfellow and Fanny Appleton","£29.69"," In stock "," Historical Fiction "
"Forever Rockers (The Rocker #12)","£28.80"," In stock "," Music "
"Foundation (Foundation (Publication Order) #1)","£32.42"," In stock "," Science Fiction "
"Friday Night Lights: A Town, a Team, and a Dream","£51.22"," In stock "," Sports and Games "
"Frostbite (Vampire Academy #2)","£29.99"," In stock "," Young Adult "
"Full Moon over Noah’s Ark: An Odyssey to Mount Ararat and Beyond","£49.43"," In stock "," Travel "
"Giant Days, Vol. 2 (Giant Days #5-8)","£22.11"," In stock "," Sequential Art "
"Girl in the Blue Coat","£46.83"," In stock "," Historical Fiction "
"Girl With a Pearl Earring","£26.77"," In stock "," Historical Fiction "
"Give It Back","£18.32"," In stock "," Thriller "
"Glory over Everything: Beyond The Kitchen House","£45.84"," In stock "," Historical Fiction "
"God: The Most Unpleasant Character in All Fiction","£30.03"," In stock "," Religion "
"Gone with the Wind","£32.49"," In stock "," Classics "
"Grey (Fifty Shades #4)","£48.49"," In stock "," Womens Fiction "
"Having the Barbarian's Baby (Ice Planet Barbarians #7.5)","£34.96"," In stock "," Science Fiction "
"Her Backup Boyfriend (The Sorensen Family #1)","£33.97"," In stock "," Romance "
"Hide Away (Eve Duncan #20)","£11.84"," In stock "," Mystery "
"History of Beauty","£10.29"," In stock "," Art "
"Hold Your Breath (Search and Rescue #1)","£28.82"," In stock "," Romance "
"Holidays on Ice","£51.07"," In stock "," Humor "
"Hollow City (Miss Peregrine’s Peculiar Children #2)","£42.98"," In stock "," Fantasy "
"House of Leaves","£54.89"," In stock "," Horror "
"House of Lost Worlds: Dinosaurs, Dynasties, and the Story of Life on Earth","£43.70"," In stock "," History "
"How Music Works","£37.32"," In stock "," Music "
"How to Be Miserable: 40 Strategies You Already Use","£46.03"," In stock "," Self Help "
"How to Stop Worrying and Start Living","£46.49"," In stock "," Self Help "
"Howl and Other Poems","£40.45"," In stock "," Poetry "
"Hyperbole and a Half: Unfortunate Situations, Flawed Coping Mechanisms, Mayhem, and Other Things That Happened","£14.75"," In stock "," Humor "
"I am a Hero Omnibus Volume 1","£54.63"," In stock "," Sequential Art "
"I Am Pilgrim (Pilgrim #1)","£10.60"," In stock "," Fiction "
"I Had a Nice Time And Other Lies...: How to find love & sh*t like that","£57.36"," In stock "," Womens Fiction "
"I Hate Fairyland, Vol. 1: Madly Ever After (I Hate Fairyland (Compilations) #1-5)","£29.17"," In stock "," Sequential Art "
"I Know What I'm Doing -- and Other Lies I Tell Myself: Dispatches from a Life Under Construction","£25.98"," In stock "," Humor "
"I've Got Your Number","£19.69"," In stock "," Womens Fiction "
"Icing (Aces Hockey #2)","£40.44"," In stock "," Sports and Games "
"If I Gave You God's Phone Number....: Searching for Spirituality in America","£20.91"," In stock "," Spirituality "
"If I Run (If I Run #1)","£49.97"," In stock "," Christian Fiction "
"Immunity: How Elie Metchnikoff Changed the Course of Modern Medicine","£57.36"," In stock "," Science "
"In a Dark, Dark Wood","£19.63"," In stock "," Mystery "
"In Her Wake","£12.84"," In stock "," Thriller "
"In the Country We Love: My Family Divided","£22.00"," In stock "," Nonfiction "
"Island of Dragons (Unwanteds #7)","£29.65"," In stock "," Fantasy "
"It","£25.01"," In stock "," Horror "
"It Didn't Start with You: How Inherited Family Trauma Shapes Who We Are and How to End the Cycle","£56.27"," In stock "," Psychology "
"It's All Easy: Healthy, Delicious Weeknight Meals in under 30 Minutes","£19.55"," In stock "," Food and Drink "
"It's Only the Himalayas","£45.17"," In stock "," Travel "
"Join","£35.67"," In stock "," Science Fiction "
"Judo: Seven Steps to Black Belt (an Introductory Guide for Beginners)","£53.90"," In stock "," Add a comment "
"Keep Me Posted","£20.46"," In stock "," Womens Fiction "
"Kierkegaard: A Christian Missionary to Christians","£47.13"," In stock "," Philosophy "
"Kill 'Em and Leave: Searching for James Brown and the American Soul","£45.05"," In stock "," Music "
"Killing Floor (Jack Reacher #1)","£31.49"," In stock "," Thriller "
"King's Folly (The Kinsman Chronicles #1)","£39.61"," In stock "," Fantasy "
"Lab Girl","£40.85"," In stock "," Autobiography "
"Lamb: The Gospel According to Biff, Christ's Childhood Pal","£55.50"," In stock "," Humor "
"Layered: Baking, Building, and Styling Spectacular Cakes","£40.11"," In stock "," Food and Drink "
"Leave This Song Behind: Teen Poetry at Its Best","£51.17"," In stock "," Poetry "
"Les Fleurs du Mal","£29.04"," In stock "," Poetry "
"Libertarianism for Beginners","£51.33"," In stock "," Politics "
"Library of Souls (Miss Peregrine’s Peculiar Children #3)","£48.56"," In stock "," Young Adult "
"Life","£31.58"," In stock "," Music "
"Life Without a Recipe","£59.04"," In stock "," Autobiography "
"Life, the Universe and Everything (Hitchhiker's Guide to the Galaxy #3)","£33.26"," In stock "," Science Fiction "
"Like Never Before (Walker Family #2)","£28.77"," In stock "," Christian Fiction "
"Lilac Girls","£17.28"," In stock "," Historical Fiction "
"Little Red","£13.47"," In stock "," Childrens "
"Little Women (Little Women #1)","£28.07"," In stock "," Classics "
"Logan Kade (Fallen Crest High #5.5)","£13.12"," In stock "," Academic "
"Louisa: The Extraordinary Life of Mrs. Adams","£16.85"," In stock "," Biography "
"Love Is a Mix Tape (Music #1)","£18.03"," In stock "," Music "
"Love, Lies and Spies","£20.55"," In stock "," Historical Fiction "
"Luis Paints the World","£53.95"," In stock "," Childrens "
"Lumberjanes Vol. 3: A Terrible Plan (Lumberjanes #9-12)","£19.92"," In stock "," Sequential Art "
"Lumberjanes, Vol. 1: Beware the Kitten Holy (Lumberjanes #1-4)","£45.61"," In stock "," Sequential Art "
"Lumberjanes, Vol. 2: Friendship to the Max (Lumberjanes #5-8)","£46.91"," In stock "," Sequential Art "
"Lust & Wonder","£11.87"," In stock "," Autobiography "
"M Train","£27.18"," In stock "," Autobiography "
"Made to Stick: Why Some Ideas Survive and Others Die","£38.85"," In stock "," Business "
"Mama Tried: Traditional Italian Cooking for the Screwed, Crude, Vegan, and Tattooed","£14.02"," In stock "," Food and Drink "
"Masks and Shadows","£56.40"," In stock "," Fantasy "
"Maude (1883-1993):She Grew Up with the country","£18.02"," In stock "," Default "
"Maybe Something Beautiful: How Art Transformed a Neighborhood","£22.54"," In stock "," Childrens "
"Me Talk Pretty One Day","£57.60"," In stock "," Autobiography "
"Meditations","£25.89"," In stock "," Philosophy "
"Mesaerion: The Best Science Fiction Stories 1800-1849","£37.59"," In stock "," Science Fiction "
"Meternity","£43.58"," In stock "," Womens Fiction "
"Misery","£34.79"," In stock "," Horror "
"Modern Romance","£28.26"," In stock "," Add a comment "
"More Than Music (Chasing the Dream #1)","£37.61"," In stock "," Add a comment "
"Most Wanted","£35.28"," In stock "," Mystery "
"Mr. Mercedes (Bill Hodges Trilogy #1)","£28.90"," In stock "," Fiction "
"Mrs. Houdini","£30.25"," In stock "," Historical Fiction "
"Murder at the 42nd Street Library (Raymond Ambler #1)","£54.36"," In stock "," Mystery "
"My Kind of Crazy","£40.36"," In stock "," Young Adult "
"My Kitchen Year: 136 Recipes That Saved My Life","£11.53"," In stock "," Food and Drink "
"My Mrs. Brown","£24.48"," In stock "," Fiction "
"My Name Is Lucy Barton","£41.56"," In stock "," Fiction "
"My Paris Kitchen: Recipes and Stories","£33.37"," In stock "," Food and Drink "
"Naked","£31.69"," In stock "," Humor "
"Nap-a-Roo","£25.08"," In stock "," Childrens "
"Naturally Lean: 125 Nourishing Gluten-Free, Plant-Based Recipes--All Under 300 Calories","£11.38"," In stock "," Food and Drink "
"Needful Things","£47.51"," In stock "," Horror "
"Neither Here nor There: Travels in Europe","£38.95"," In stock "," Travel "
"Night Shift (Night Shift #1-20)","£12.75"," In stock "," Horror "
"Night Sky with Exit Wounds","£41.05"," In stock "," Poetry "
"Nightingale, Sing","£38.28"," In stock "," Young Adult "
"No One Here Gets Out Alive","£20.02"," In stock "," Music "
"Obsidian (Lux #1)","£14.86"," In stock "," Young Adult "
"Of Mice and Men","£47.11"," In stock "," Classics "
"Off Sides (Off #1)","£39.45"," In stock "," New Adult "
"Off the Hook (Fishing for Trouble #1)","£47.67"," In stock "," Romance "
"Old Records Never Die: One Man's Quest for His Vinyl and His Past","£55.66"," In stock "," Music "
"Old School (Diary of a Wimpy Kid #10)","£11.83"," In stock "," Humor "
"Olio","£23.88"," In stock "," Poetry "
"On a Midnight Clear","£14.07"," In stock "," Add a comment "
"Once Was a Time","£18.28"," In stock "," Childrens "
"Online Marketing for Busy Authors: A Step-By-Step Guide","£46.35"," In stock "," Self Help "
"orange: The Complete Collection 1 (orange: The Complete Collection #1)","£48.41"," In stock "," Sequential Art "
"Orchestra of Exiles: The Story of Bronislaw Huberman, the Israel Philharmonic, and the One Thousand Jews He Saved from Nazi Horrors","£12.36"," In stock "," Music "
"Our Band Could Be Your Life: Scenes from the American Indie Underground, 1981-1991","£57.25"," In stock "," Music "
"Out of Print: City Lights Spotlight No. 14","£53.64"," In stock "," Poetry "
"Outcast, Vol. 1: A Darkness Surrounds Him (Outcast #1)","£15.44"," In stock "," Sequential Art "
"Overload: How to Unplug, Unwind, and Unleash Yourself from the Pressure of Stress","£52.15"," In stock "," Self Help "
"Patience","£10.16"," In stock "," Sequential Art "
"Peak: Secrets from the New Science of Expertise","£16.28"," In stock "," Science "
"Penny Maybe","£33.29"," In stock "," Default "
"Pet Sematary","£10.56"," In stock "," Horror "
"Playing from the Heart","£32.38"," In stock "," Childrens "
"Playing with Fire","£13.71"," In stock "," Mystery "
"Please Kill Me: The Uncensored Oral History of Punk","£31.19"," In stock "," Music "
"Poems That Make Grown Women Cry","£14.19"," In stock "," Poetry "
"Poisonous (Max Revere Novels #3)","£26.80"," In stock "," Mystery "
"Political Suicide: Missteps, Peccadilloes, Bad Calls, Backroom Hijinx, Sordid Pasts, Rotten Breaks, and Just Plain Dumb Mistakes in the Annals of American Politics","£36.28"," In stock "," History "
"Pop Gun War, Volume 1: Gift","£18.97"," In stock "," Sequential Art "
"Princess Between Worlds (Wide-Awake Princess #5)","£13.34"," In stock "," Fantasy "
"Princess Jellyfish 2-in-1 Omnibus, Vol. 01 (Princess Jellyfish 2-in-1 Omnibus #1)","£13.61"," In stock "," Sequential Art "
"Private Paris (Private #10)","£47.61"," In stock "," Fiction "
"Proofs of God: Classical Arguments from Tertullian to Barth","£54.21"," In stock "," Philosophy "
"Psycho: Sanitarium (Psycho #1.5)","£36.97"," In stock "," Horror "
"Quarter Life Poetry: Poems for the Young, Broke and Hangry","£50.89"," In stock "," Poetry "
"Quench Your Own Thirst: Business Lessons Learned Over a Beer or Two","£43.14"," In stock "," Business "
"Rain Fish","£23.57"," In stock "," Childrens "
"Rat Queens, Vol. 3: Demons (Rat Queens (Collected Editions) #11-15)","£50.40"," In stock "," Sequential Art "
"Raymie Nightingale","£34.41"," In stock "," Childrens "
"Ready Player One","£19.07"," In stock "," Science Fiction "
"Reasons to Stay Alive","£26.41"," In stock "," Nonfiction "
"Red Dragon (Hannibal Lecter #1)","£23.37"," In stock "," Horror "
"Redeeming Love","£20.47"," In stock "," Christian Fiction "
"Reskilling America: Learning to Labor in the Twenty-First Century","£19.83"," In stock "," Nonfiction "
"Rework","£44.88"," In stock "," Business "
"Rich Dad, Poor Dad","£51.74"," In stock "," Business "
"Rip it Up and Start Again","£35.02"," In stock "," Music "
"Rook","£37.86"," In stock "," Add a comment "
"Run, Spot, Run: The Ethics of Keeping Pets","£20.02"," In stock "," Philosophy "
"Running with Scissors","£12.91"," In stock "," Autobiography "
"Saga, Volume 5 (Saga (Collected Editions) #5)","£51.04"," In stock "," Sequential Art "
"Saga, Volume 6 (Saga (Collected Editions) #6)","£25.02"," In stock "," Fantasy "
"salt.","£46.78"," In stock "," Poetry "
"Sapiens: A Brief History of Humankind","£54.23"," In stock "," History "
"Scarlett Epstein Hates It Here","£43.55"," In stock "," Young Adult "
"Scott Pilgrim's Precious Little Life (Scott Pilgrim #1)","£52.29"," In stock "," Sequential Art "
"Searching for Meaning in Gailana","£38.73"," In stock "," Fantasy "
"Security","£39.25"," In stock "," Horror "
"See America: A Celebration of Our National Parks & Treasured Sites","£48.87"," In stock "," Travel "
"Sense and Sensibility","£37.46"," In stock "," Classics "
"Set Me Free","£17.46"," In stock "," Young Adult "
"Setting the World on Fire: The Brief, Astonishing Life of St. Catherine of Siena","£21.15"," In stock "," Biography "
"Settling the Score (The Summer Games #1)","£44.91"," In stock "," Sports and Games "
"Seven Brief Lessons on Physics","£30.60"," In stock "," Science "
"Shadows of the Past (Logan Point #1)","£39.67"," In stock "," Christian Fiction "
"Shakespeare's Sonnets","£20.66"," In stock "," Poetry "
"Shameless","£58.35"," In stock "," New Adult "
"Sharp Objects","£47.82"," In stock "," Mystery "
"Shobu Samurai, Project Aryoku (#3)","£29.06"," In stock "," Add a comment "
"Shoe Dog: A Memoir by the Creator of NIKE","£23.99"," In stock "," Business "
"Shopaholic Ties the Knot (Shopaholic #3)","£48.39"," In stock "," Womens Fiction "
"Shrunken Treasures: Literary Classics, Short, Sweet, and Silly","£52.87"," In stock "," Childrens "
"Shtum","£55.84"," In stock "," Fiction "
"Silence in the Dark (Logan Point #4)","£58.33"," In stock "," Suspense "
"Sit, Stay, Love","£20.90"," In stock "," Romance "
"Sleeping Giants (Themis Files #1)","£48.74"," In stock "," Science Fiction "
"Slow States of Collapse: Poems","£57.31"," In stock "," Poetry "
"So You've Been Publicly Shamed","£12.23"," In stock "," Nonfiction "
"Soft Apocalypse","£26.12"," In stock "," Science Fiction "
"Some Women","£13.73"," In stock "," Womens Fiction "
"Someone Like You (The Harrisons #2)","£52.79"," In stock "," Contemporary "
"Something Blue (Darcy & Rachel #2)","£54.62"," In stock "," Womens Fiction "
"Something Borrowed (Darcy & Rachel #1)","£48.96"," In stock "," Womens Fiction "
"Something More Than This","£16.24"," In stock "," Romance "
"Sophie's World","£15.94"," In stock "," Philosophy "
"Sorting the Beef from the Bull: The Science of Food Fraud Forensics","£44.74"," In stock "," Science "
"Soul Reader","£39.58"," In stock "," Default "
"Soumission","£50.10"," In stock "," Fiction "
"Spark Joy: An Illustrated Master Class on the Art of Organizing and Tidying Up","£41.83"," In stock "," Nonfiction "
"Stars Above (The Lunar Chronicles #4.5)","£48.05"," In stock "," Young Adult "
"Starving Hearts (Triangular Trade Trilogy, #1)","£13.99"," In stock "," Default "
"Still Life with Bread Crumbs","£26.41"," In stock "," Fiction "
"Suddenly in Love (Lake Haven #1)","£55.99"," In stock "," Romance "
"Sugar Rush (Offensive Line #2)","£24.42"," In stock "," Sports and Games "
"Surely You're Joking, Mr. Feynman!: Adventures of a Curious Character","£25.83"," In stock "," Science "
"Suzie Snowflake: One beautiful flake (a self-esteem story)","£54.81"," In stock "," Novels "
"Take Me Home Tonight (Rock Star Romance #3)","£53.98"," In stock "," Romance "
"Take Me with You","£45.21"," In stock "," Fiction "
"Tastes Like Fear (DI Marnie Rome #3)","£10.69"," In stock "," Mystery "
"That Darkness (Gardiner and Renner #1)","£13.92"," In stock "," Mystery "
"The 10% Entrepreneur: Live Your Startup Dream Without Quitting Your Day Job","£27.55"," In stock "," Business "
"The 14th Colony (Cotton Malone #11)","£39.24"," In stock "," Thriller "
"The Activist's Tao Te Ching: Ancient Advice for a Modern Revolution","£32.24"," In stock "," Spirituality "
"The Age of Genius: The Seventeenth Century and the Birth of the Modern Mind","£19.73"," In stock "," History "
"The Argonauts","£10.93"," In stock "," Autobiography "
"The Art and Science of Low Carbohydrate Living","£52.98"," In stock "," Health "
"The Art Book","£32.34"," In stock "," Art "
"The Art Forger","£40.76"," In stock "," Add a comment "
"The Art of Startup Fundraising","£21.00"," In stock "," Business "
"The Artist's Way: A Spiritual Path to Higher Creativity","£38.49"," In stock "," Nonfiction "
"The Bachelor Girl's Guide to Murder (Herringford and Watts Mysteries #1)","£52.30"," In stock "," Mystery "
"The Bane Chronicles (The Bane Chronicles #1-11)","£44.73"," In stock "," Fantasy "
"The Bear and the Piano","£36.89"," In stock "," Childrens "
"The Bhagavad Gita","£57.49"," In stock "," Religion "
"The Black Maria","£52.15"," In stock "," Poetry "
"The Bone Hunters (Lexy Vaughan & Steven Macaulay #2)","£59.71"," In stock "," Thriller "
"The Book of Basketball: The NBA According to The Sports Guy","£44.84"," In stock "," Sports and Games "
"The Book of Mormon","£24.57"," In stock "," Religion "
"The Boys in the Boat: Nine Americans and Their Epic Quest for Gold at the 1936 Berlin Olympics","£22.60"," In stock "," Default "
"The Bridge to Consciousness: I'm Writing the Bridge Between Science and Our Old and New Beliefs.","£32.00"," In stock "," Default "
"The Bulletproof Diet: Lose up to a Pound a Day, Reclaim Energy and Focus, Upgrade Your Life","£49.05"," In stock "," Health "
"The Collected Poems of W.B. Yeats (The Collected Works of W.B. Yeats #1)","£15.42"," In stock "," Poetry "
"The Coming Woman: A Novel Based on the Life of the Infamous Feminist, Victoria Woodhull","£17.93"," In stock "," Default "
"The Complete Stories and Poems (The Works of Edgar Allan Poe [Cameo Edition])","£26.78"," In stock "," Classics "
"The Constant Princess (The Tudor Court #1)","£16.62"," In stock "," Historical Fiction "
"The Cookies & Cups Cookbook: 125+ sweet & savory recipes reminding you to Always Eat Dessert First","£41.25"," In stock "," Food and Drink "
"The Crossover","£38.77"," In stock "," Poetry "
"The Darkest Lie","£35.35"," In stock "," Young Adult "
"The Day the Crayons Came Home (Crayons)","£26.33"," In stock "," Childrens "
"The Death of Humanity: and the Case for Life","£58.11"," In stock "," Philosophy "
"The Devil Wears Prada (The Devil Wears Prada #1)","£44.29"," In stock "," Womens Fiction "
"The Dirty Little Secrets of Getting Your Dream Job","£33.34"," In stock "," Business "
"The Disappearing Spoon: And Other True Tales of Madness, Love, and the History of the World from the Periodic Table of the Elements","£57.35"," In stock "," Science "
"The Dovekeepers","£48.78"," In stock "," Add a comment "
"The E-Myth Revisited: Why Most Small Businesses Don't Work and What to Do About It","£36.91"," In stock "," Business "
"The Edge of Reason (Bridget Jones #2)","£19.18"," In stock "," Womens Fiction "
"The Electric Pencil: Drawings from Inside State Hospital No. 3","£56.06"," In stock "," Nonfiction "
"The Elegant Universe: Superstrings, Hidden Dimensions, and the Quest for the Ultimate Theory","£13.03"," In stock "," Science "
"The Elephant Tree","£23.82"," In stock "," Thriller "
"The Emerald Mystery","£23.15"," In stock "," Default "
"The Epidemic (The Program 0.6)","£14.44"," In stock "," Young Adult "
"The Fabric of the Cosmos: Space, Time, and the Texture of Reality","£55.91"," In stock "," Science "
"The Faith of Christopher Hitchens: The Restless Soul of the World's Most Notorious Atheist","£39.55"," In stock "," Biography "
"The First Hostage (J.B. Collins #2)","£25.85"," In stock "," Fiction "
"The Five Love Languages: How to Express Heartfelt Commitment to Your Mate","£31.05"," In stock "," Nonfiction "
"The Four Agreements: A Practical Guide to Personal Freedom","£17.66"," In stock "," Spirituality "
"The Genius of Birds","£17.24"," In stock "," Nonfiction "
"The Girl on the Train","£55.02"," In stock "," Default "
"The Girl with All the Gifts","£49.47"," In stock "," Horror "
"The Girl You Left Behind (The Girl You Left Behind #1)","£15.79"," In stock "," Historical "
"The Glittering Court (The Glittering Court #1)","£44.28"," In stock "," Fantasy "
"The Golden Condom: And Other Essays on Love Lost and Found","£39.43"," In stock "," Psychology "
"The Grand Design","£13.76"," In stock "," Science "
"The Great Railway Bazaar","£30.54"," In stock "," Travel "
"The Grownup","£35.88"," In stock "," Short Stories "
"The Guernsey Literary and Potato Peel Pie Society","£49.53"," In stock "," Historical Fiction "
"The Guilty (Will Robie #4)","£13.82"," In stock "," Thriller "
"The Guns of August","£14.54"," In stock "," History "
"The Gutsy Girl: Escapades for Your Life of Epic Adventure","£37.13"," In stock "," Nonfiction "
"The Help Yourself Cookbook for Kids: 60 Easy Plant-Based Recipes Kids Can Make to Stay Healthy and Save the Earth","£28.77"," In stock "," Food and Drink "
"The Hidden Oracle (The Trials of Apollo #1)","£52.26"," In stock "," Fantasy "
"The Hiding Place","£55.91"," In stock "," History "
"The Hook Up (Game On #1)","£36.29"," In stock "," New Adult "
"The Hound of the Baskervilles (Sherlock Holmes #5)","£14.82"," In stock "," Classics "
"The House by the Lake","£36.95"," In stock "," Historical Fiction "
"The Immortal Life of Henrietta Lacks","£40.67"," In stock "," Add a comment "
"The Inefficiency Assassin: Time Management Tactics for Working Smarter, Not Longer","£20.59"," In stock "," Default "
"The Invention of Wings","£37.34"," In stock "," Historical Fiction "
"The Kite Runner","£41.82"," In stock "," Default "
"The Last Girl (The Dominion Trilogy #1)","£36.26"," In stock "," Science Fiction "
"The Last Mile (Amos Decker #2)","£54.21"," In stock "," Mystery "
"The Last Painting of Sara de Vos","£55.55"," In stock "," Historical Fiction "
"The Lean Startup: How Today's Entrepreneurs Use Continuous Innovation to Create Radically Successful Businesses","£33.92"," In stock "," Business "
"The Life-Changing Magic of Tidying Up: The Japanese Art of Decluttering and Organizing","£16.77"," In stock "," Nonfiction "
"The Little Prince","£45.42"," In stock "," Classics "
"The Lonely Ones","£43.59"," In stock "," Childrens "
"The Loney","£23.40"," In stock "," Horror "
"The Long Haul (Diary of a Wimpy Kid #9)","£44.07"," In stock "," Humor "
"The Long Shadow of Small Ghosts: Murder and Memory in an American City","£10.97"," In stock "," Crime "
"The Love and Lemons Cookbook: An Apple-to-Zucchini Celebration of Impromptu Cooking","£37.60"," In stock "," Food and Drink "
"The Lucifer Effect: Understanding How Good People Turn Evil","£10.40"," In stock "," Psychology "
"The Marriage of Opposites","£28.08"," In stock "," Historical Fiction "
"The Matchmaker's Playbook (Wingmen Inc. #1)","£55.85"," In stock "," New Adult "
"The Mathews Men: Seven Brothers and the War Against Hitler's U-boats","£42.91"," In stock "," History "
"The Metamorphosis","£28.58"," In stock "," Classics "
"The Midnight Watch: A Novel of the Titanic and the Californian","£26.20"," In stock "," Add a comment "
"The Mindfulness and Acceptance Workbook for Anxiety: A Guide to Breaking Free from Anxiety, Phobias, and Worry Using Acceptance and Commitment Therapy","£23.89"," In stock "," Add a comment "
"The Mistake (Off-Campus #2)","£43.29"," In stock "," New Adult "
"The Moosewood Cookbook: Recipes from Moosewood Restaurant, Ithaca, New York","£12.34"," In stock "," Food and Drink "
"The Most Perfect Thing: Inside (and Outside) a Bird's Egg","£42.96"," In stock "," Science "
"The Murder of Roger Ackroyd (Hercule Poirot #4)","£44.10"," In stock "," Mystery "
"The Murder That Never Was (Forensic Instincts #5)","£54.11"," In stock "," Fiction "
"The Nameless City (The Nameless City #1)","£38.16"," In stock "," Sequential Art "
"The Nanny Diaries (Nanny #1)","£52.53"," In stock "," Womens Fiction "
"The Natural History of Us (The Fine Art of Pretending #2)","£45.22"," In stock "," Young Adult "
"The Nerdy Nummies Cookbook: Sweet Treats for the Geek in All of Us","£37.34"," In stock "," Food and Drink "
"The New Drawing on the Right Side of the Brain","£43.02"," In stock "," Art "
"The Nicomachean Ethics","£36.34"," In stock "," Philosophy "
"The Omnivore's Dilemma: A Natural History of Four Meals","£38.21"," In stock "," Nonfiction "
"The Origin of Species","£10.01"," In stock "," Science "
"The Passion of Dolssa","£28.32"," In stock "," Historical Fiction "
"The Past Never Ends","£56.50"," In stock "," Mystery "
"The Perfect Play (Play by Play #1)","£59.99"," In stock "," Romance "
"The Picture of Dorian Gray","£29.70"," In stock "," Classics "
"The Pilgrim's Progress","£50.26"," In stock "," Classics "
"The Pioneer Woman Cooks: Dinnertime: Comfort Classics, Freezer Food, 16-Minute Meals, and Other Delicious Ways to Solve Supper!","£56.41"," In stock "," Food and Drink "
"The Power of Now: A Guide to Spiritual Enlightenment","£43.54"," In stock "," Nonfiction "
"The Project","£10.65"," In stock "," Science Fiction "
"The Psychopath Test: A Journey Through the Madness Industry","£36.00"," In stock "," Default "
"The Red Tent","£35.66"," In stock "," Historical Fiction "
"The Regional Office Is Under Attack!","£51.36"," In stock "," Fiction "
"The Requiem Red","£22.65"," In stock "," Young Adult "
"The Restaurant at the End of the Universe (Hitchhiker's Guide to the Galaxy #2)","£10.92"," In stock "," Science Fiction "
"The Rise and Fall of the Third Reich: A History of Nazi Germany","£39.67"," In stock "," History "
"The Rise of Theodore Roosevelt (Theodore Roosevelt #1)","£42.57"," In stock "," Biography "
"The Road to Little Dribbling: Adventures of an American in Britain (Notes From a Small Island #2)","£23.21"," In stock "," Travel "
"The Secret (The Secret #1)","£27.37"," In stock "," Default "
"The Secret Garden","£15.08"," In stock "," Classics "
"The Secret of Dreadwillow Carse","£56.13"," In stock "," Childrens "
"The Selfish Gene","£29.45"," In stock "," Science "
"The Song of Achilles","£37.40"," In stock "," Add a comment "
"The Stand","£57.86"," In stock "," Horror "
"The Star-Touched Queen","£46.02"," In stock "," Fantasy "
"The Star-Touched Queen","£32.30"," In stock "," Fantasy "
"The Story of Art","£41.14"," In stock "," Art "
"The Story of Hong Gildong","£43.19"," In stock "," Classics "
"The Stranger","£17.44"," In stock "," Philosophy "
"The Testament of Mary","£52.67"," In stock "," Fiction "
"The Thing About Jellyfish","£48.77"," In stock "," Childrens "
"The Third Wave: An Entrepreneur’s Vision of the Future","£12.61"," In stock "," Business "
"The Time Keeper","£27.88"," In stock "," Fiction "
"The Torch Is Passed: A Harding Family Story","£19.09"," In stock "," Add a comment "
"The Travelers","£15.77"," In stock "," Thriller "
"The Undomestic Goddess","£45.75"," In stock "," Womens Fiction "
"The Vacationers","£42.15"," In stock "," Fiction "
"The Wedding Dress","£24.12"," In stock "," Romance "
"The Wedding Pact (The O'Malleys #2)","£32.61"," In stock "," Romance "
"The Whale","£35.96"," In stock "," Childrens "
"The White Cat and the Monk: A Retelling of the Poem “Pangur Bán”","£58.08"," In stock "," Childrens "
"The White Queen (The Cousins' War #1)","£25.91"," In stock "," Add a comment "
"The Widow","£27.26"," In stock "," Mystery "
"The Wild Robot","£56.07"," In stock "," Childrens "
"Thinking, Fast and Slow","£21.14"," In stock "," Psychology "
"Thirst","£17.27"," In stock "," Fiction "
"Thirteen Reasons Why","£52.72"," In stock "," Default "
"This Is Where It Ends","£27.12"," In stock "," Young Adult "
"This Is Your Brain on Music: The Science of a Human Obsession","£38.40"," In stock "," Music "
"This One Summer","£19.49"," In stock "," Sequential Art "
"Thomas Jefferson and the Tripoli Pirates: The Forgotten War That Changed American History","£59.64"," In stock "," History "
"Three Wishes (River of Time: California #1)","£44.18"," In stock "," Science Fiction "
"Throne of Glass (Throne of Glass #1)","£35.07"," In stock "," Fantasy "
"Throwing Rocks at the Google Bus: How Growth Became the Enemy of Prosperity","£31.12"," In stock "," Nonfiction "
"Tipping Point for Planet Earth: How Close Are We to the Edge?","£37.55"," In stock "," Science "
"Tipping the Velvet","£53.74"," In stock "," Historical Fiction "
"Toddlers Are A**holes: It's Not Your Fault","£25.55"," In stock "," Humor "
"Tracing Numbers on a Train","£41.60"," In stock "," Default "
"Tsubasa: WoRLD CHRoNiCLE 2 (Tsubasa WoRLD CHRoNiCLE #2)","£16.28"," In stock "," Sequential Art "
"Tuesday Nights in 1980","£21.04"," In stock "," Fiction "
"Twenties Girl","£42.80"," In stock "," Womens Fiction "
"Twenty Love Poems and a Song of Despair","£30.95"," In stock "," Poetry "
"Twenty Yawns","£22.08"," In stock "," Childrens "
"Unbound: How Eight Technologies Made Us Human, Transformed Society, and Brought Our World to the Brink","£25.52"," In stock "," History "
"Under the Tuscan Sun","£37.33"," In stock "," Travel "
"Unicorn Tracks","£18.78"," In stock "," Fantasy "
"Unreasonable Hope: Finding Faith in the God Who Brings Purpose to Your Pain","£46.33"," In stock "," Spirituality "
"Unseen City: The Majesty of Pigeons, the Discreet Charm of Snails & Other Wonders of the Urban Wilderness","£44.18"," In stock "," Nonfiction "
"Until Friday Night (The Field Party #1)","£46.31"," In stock "," Young Adult "
"Untitled Collection: Sabbath Poems 2014","£14.27"," In stock "," Poetry "
"Vagabonding: An Uncommon Guide to the Art of Long-Term World Travel","£36.94"," In stock "," Travel "
"Vampire Knight, Vol. 1 (Vampire Knight #1)","£15.40"," In stock "," Paranormal "
"Voyager (Outlander #3)","£21.07"," In stock "," Historical Fiction "
"Wall and Piece","£44.18"," In stock "," Art "
"Walt Disney's Alice in Wonderland","£12.96"," In stock "," Childrens "
"Ways of Seeing","£39.51"," In stock "," Art "
"We Are All Completely Beside Ourselves","£24.04"," In stock "," Contemporary "
"We Love You, Charlie Freeman","£50.27"," In stock "," Fiction "
"What Happened on Beale Street (Secrets of the South Mysteries #2)","£25.37"," In stock "," Mystery "
"When We Collided","£31.77"," In stock "," Contemporary "
"When You Are Engulfed in Flames","£30.89"," In stock "," Humor "
"Why the Right Went Wrong: Conservatism--From Goldwater to the Tea Party and Beyond","£52.65"," In stock "," Politics "
"Wild Swans","£14.36"," In stock "," Young Adult "
"Will You Won't You Want Me?","£13.86"," In stock "," Womens Fiction "
"William Shakespeare's Star Wars: Verily, A New Hope (William Shakespeare's Star Wars #4)","£43.30"," In stock "," Science Fiction "
"Without Borders (Wanderlove #1)","£45.07"," In stock "," New Adult "
"World Without End (The Pillars of the Earth #2)","£32.97"," In stock "," Historical Fiction "
"Worlds Elsewhere: Journeys Around Shakespeare’s Globe","£40.30"," In stock "," Nonfiction "
"Wuthering Heights","£17.73"," In stock "," Classics "
"You (You #1)","£43.61"," In stock "," Thriller "
"You Are a Badass: How to Stop Doubting Your Greatness and Start Living an Awesome Life","£12.08"," In stock "," Self Help "
"You Are What You Love: The Spiritual Power of Habit","£21.87"," In stock "," Religion "
"You can't bury them all: Poems","£33.63"," In stock "," Poetry "
"Zealot: The Life and Times of Jesus of Nazareth","£24.70"," In stock "," History "